evidence_id,local_path,source_url,title,mime_type,width,height,sha256,evidence_layer,visual_category,channel,era_or_date,captured_at,market,creator_or_agency,credit,rights_note,related_ids,status,subject_role,human_casting,setting,composition,camera_and_perspective,lighting,palette,material_and_surface,postproduction,motion_or_sequence,product_representation_job,product_native_signals,analysis_notes,report_section,report_order,key_visual_surface
EV-005,evidence/visuals/EV-LL-001-masterbrand-wordmark.png,https://www.lelabofragrances.com/css/images/logonew.png,Official masterbrand wordmark,image/png,295,86,2f828e23541fd12528a99bb8a3497b50d392c663081a8f5f8f8097ee23b11063,identity-and-channel-tokens,masterbrand-wordmark,official website,current,2026-08-24,United States,Le Labo,Le Labo official site,Research use only; copyrighted,,included,brand mark,none,transparent field,horizontal compact wordmark,not applicable,not applicable,charcoal on transparency,raster wordmark,none,static,Identity reference; not product imagery,Identity only; no product-native claim,Verified current header asset,identity-channel-tokens,1,identity
EV-006,evidence/visuals/EV-LL-002-about-navigation-key-visual.jpg,https://lelabo.ips.photos/lelabo-java/images/content/1657_ONE_SIZE_IMAGE_01_15948_-1989191555.jpg,About navigation key visual,image/jpeg,1500,1500,04dd17c6bc788731316daee1f955fead768edd607b14324f18c4ad0a34eea0e0,key-visual,digital-navigation-editorial-tile,official website,current,2026-08-24,United States,Le Labo,Le Labo official site,Research use only; copyrighted,EV-011,included,Le Journal object,no portrait,concrete urban surface,one square focal image,close normal view,soft ambient,gray black paper,paper concrete,natural texture,static,Editorial object carries navigation,Broadsheet and print are visible,Physical content translates into UI,key-visual,2,ui
EV-007,evidence/visuals/EV-LL-004-roots-first-lab.jpg,https://lelabo.ips.photos/lelabo-java/images/cms/7_ONE_SIZE_IMAGE_02_12241_-354847209.jpg,Roots first lab,image/jpeg,2000,1362,cc74fa26b9a8e296863f263100f4e0b84eb91a2de346c1f402ec80d0a5f9f4ed,space-and-service,laboratory-store-origin,official About page,origin,2026-08-24,United States,Le Labo,Le Labo official site,Research use only; copyrighted,EV-001,included,first lab storefront,incidental people,Nolita street,wide environmental frame,eye-level documentary,available light,weathered neutrals,glass metal concrete,documentary grain,static,Space explains service premise,Working-lab signage and modest materials,One location cannot prove global consistency,brand-mood,3,additional-channel
EV-008,evidence/visuals/EV-LL-005-sandalwood-harvest-film-poster.jpg,https://lelabo.ips.photos/lelabo-java/images/cms/188_SMALL_IMAGE_01_12289_-987721857.jpg,Sandalwood Harvest,image/jpeg,1080,1440,20df96e689a0eb66fd5827840d2b225383d29a9d32fc62f8b13ce0224a5c368b,photography-and-film,craftsperson-environmental-portrait,official gallery,current,2026-08-24,Australia,Le Labo,Le Labo official gallery,Research use only; copyrighted,EV-009|EV-010,included,worker and material,craft worker,harvest environment,vertical process frame,documentary close-medium,natural contrast,earth and skin,wood vegetation fabric,grain retained,film poster,Craft provenance rather than PDP,Source material and human action,Making is lived work,photography-film,4,imagery
EV-009,evidence/visuals/EV-LL-006-rose-harvest-film-poster.jpg,https://lelabo.ips.photos/lelabo-java/images/cms/186_SMALL_IMAGE_01_13228_2003511354.jpg,Rose Harvest,image/jpeg,1080,1440,73c357390ed832648570d83c518d09b4ae3e83c1064637fda2d50023e8d2d7ac,photography-and-film,hands-ingredient-detail,official gallery,current,2026-08-24,France,Le Labo,Le Labo official gallery,Research use only; copyrighted,EV-008|EV-010,included,hands and roses,worker hands,harvest field,tight tactile frame,close documentary,natural light,plant and skin,petals hands fabric,grain retained,film poster,Ingredient and handwork evidence,Raw ingredient before product,Hands replace luxury posing,photography-film,5,imagery
EV-010,evidence/visuals/EV-LL-007-neon-sign-film-poster.jpg,https://lelabo.ips.photos/lelabo-java/images/cms/450_SMALL_IMAGE_01_12295_2116627810.jpg,Neon Sign,image/jpeg,1080,1440,2a19b9cdff668c1e6b1e970ac0d474fa22c77d1229bb5e67fe2c63d7a02d25e7,photography-and-film,craft-process-tool-detail,official gallery,current,2026-08-24,United States,Le Labo,Le Labo official gallery,Research use only; copyrighted,EV-008|EV-009,included,hands tools neon,craft worker,workshop,vertical low-light frame,close documentary,workshop light,dark neutral localized glow,glass metal tools,grain and blur,film poster,Broadens craft beyond perfume,Tool action and sign fabrication,Urban making joins harvest,photography-film,6,imagery
EV-011,evidence/visuals/EV-LL-008-classic-collection-tile.jpg,https://lelabo.ips.photos/lelabo-java/images/content/603_IMG_600_IMAGE_01_7824_93178760.jpg,Classic Collection family,image/jpeg,1080,1080,fc5baf34e3c07c0f24672e1fd1f6aefac5e7128661ee9deeb5122adb56900d3e,product-representation,product-family-selection-gesture,official About page,current,2026-08-24,Global,Le Labo,Le Labo official gallery,Research use only; copyrighted,EV-002,included,fragrance family,one hand,neutral tactile surface,compact repeated family,close straight view,soft directional,clear amber kraft black,glass paper liquid skin,tactile retouch,static,Family view communicates choice,Repeated bottle labels and caps,One hand activates factual family,product-representation,7,imagery
EV-012,evidence/visuals/EV-LL-010-discovery-set-product.jpg,https://lelabo.ips.photos/lelabo-java/images/skus/J2B001R000__PRODUCT_08--IMG_1200--DISCOVERYSET--2781293.jpg,Discovery Set package,image/jpeg,1200,1200,1b7274a5d5436fbdd93714300a004c5c4fff84e13087b92d6e9e6375fcc054f7,packaging-and-unboxing|product-native-visual-and-cognitive-language,neutral-packaging-view,official catalog,current,2026-08-24,United States,Le Labo,Le Labo official catalog,Research use only; copyrighted,EV-003|EV-004,included,kraft box and label,none,neutral PDP field,centered complete package,straight factual view,even studio,kraft black white,uncoated board adhesive label,clean factual,static,Package and label explain product,Box seal label vial and sampling system,Utilitarian pack gains value through ritual,product-native-visual-language,8,content
EV-013,evidence/visual-expansion/product-packaging/EV-PP-01-santal33-50ml-neutral.jpg,https://lelabo.ips.photos/lelabo-java/images/skus/050PS33100__PRODUCT_01--IMG_1200--SANTAL33-200129705.jpg,SANTAL 33 50 ml neutral PDP,image/jpeg,1200,1200,ee9c6f7043a68245462e2883d279da6772d068f62a7ee567117154db8a0dd17a,product-representation,neutral-pdp-primary,"official product, personalization, or discovery page",current,2026-08-24,United States,Le Labo official product catalog / official CDN,Le Labo official product catalog / official CDN,Research reference only; copyrighted by Le Labo or its licensors; no redistribution license inferred.,EV-PP-01,included,neutral-pdp-primary,"Hands, technicians, workers, or incidental people only when visible; otherwise none.","official product, personalization, or discovery page",Direct source frame; observable arrangement recorded in analysis notes.,Source frame; lens and camera metadata unavailable.,Observable source lighting; capture metadata unavailable.,Observed source color only; not promoted to an identity palette.,"Visible product, package, ingredient, tool, print, or spatial surfaces recorded in notes.",Unknown; no unsupported retouching claim.,Poster or sequence role follows source; a still does not prove full motion grammar.,Evidence for neutral-pdp-primary; factual and atmospheric roles remain separated.,"Visible form, label, package, service state, material, or spatial signal only.","Single clear cylindrical spray bottle isolated low in a square grey field. Thick clear glass foot, pale liquid, matte charcoal cylindrical cap and warm off-white wrap label. Long side shadow, visible paper texture and extensive negative space make the label legible without a white-background cutout.",product-representation,9,imagery
EV-014,evidence/visual-expansion/product-packaging/EV-PP-02-santal33-500ml-format.jpg,https://lelabo.ips.photos/lelabo-java/images/skus/500PS33100__PRODUCT_01--IMG_1200--SANTAL33-1901642987.jpg,SANTAL 33 500 ml format,image/jpeg,1200,1200,7112b367a838309c07aebf0de80ed2ef00cf62f36d4edc0fc70905c5a3428ccc,product-native-form,size-and-container-variant,"official product, personalization, or discovery page",current,2026-08-24,United States,Le Labo official product catalog / official CDN,Le Labo official product catalog / official CDN,Research reference only; copyrighted by Le Labo or its licensors; no redistribution license inferred.,EV-PP-02,included,size-and-container-variant,"Hands, technicians, workers, or incidental people only when visible; otherwise none.","official product, personalization, or discovery page",Direct source frame; observable arrangement recorded in analysis notes.,Source frame; lens and camera metadata unavailable.,Observable source lighting; capture metadata unavailable.,Observed source color only; not promoted to an identity palette.,"Visible product, package, ingredient, tool, print, or spatial surfaces recorded in notes.",Unknown; no unsupported retouching claim.,Poster or sequence role follows source; a still does not prove full motion grammar.,Evidence for size-and-container-variant; factual and atmospheric roles remain separated.,"Visible form, label, package, service state, material, or spatial signal only.","Large apothecary/decanter silhouette replaces the small spray bottle. Broad cylindrical body, sloped shoulder, clear ground-glass-style neck and faceted transparent stopper. The same ruled information label preserves family identity across a materially different container.",product-native-visual-language,10,product
EV-015,evidence/visual-expansion/product-packaging/EV-PP-03-santal33-15ml-sample.jpg,https://lelabo.ips.photos/lelabo-java/images/skus/015PS33100__PRODUCT_01--IMG_1200--SANTAL33--2048295810.jpg,SANTAL 33 15 ml discovery size,image/jpeg,1200,1200,8d02449be59b5d6c98d2bf08c242ff722f855b8e0c97f3c4082c70ac0da7c14d,product-native-form,discovery-size-variant,"official product, personalization, or discovery page",current,2026-08-24,United States,Le Labo official product catalog / official CDN,Le Labo official product catalog / official CDN,Research reference only; copyrighted by Le Labo or its licensors; no redistribution license inferred.,EV-PP-03,included,discovery-size-variant,"Hands, technicians, workers, or incidental people only when visible; otherwise none.","official product, personalization, or discovery page",Direct source frame; observable arrangement recorded in analysis notes.,Source frame; lens and camera metadata unavailable.,Observable source lighting; capture metadata unavailable.,Observed source color only; not promoted to an identity palette.,"Visible product, package, ingredient, tool, print, or spatial surfaces recorded in notes.",Unknown; no unsupported retouching claim.,Poster or sequence role follows source; a still does not prove full motion grammar.,Evidence for discovery-size-variant; factual and atmospheric roles remain separated.,"Visible form, label, package, service state, material, or spatial signal only.","Slim clear cylindrical travel/sample spray retains the charcoal cap and full wrap label. The oversized label consumes most of the small vessel, prioritizing identity and production fields over exposed glass. Framing and grey shadow treatment match the 50 ml and 500 ml family.",product-native-visual-language,11,product
EV-016,evidence/visual-expansion/product-packaging/EV-PP-04-personalized-label-hands.jpg,https://lelabo.ips.photos/lelabo-java/images/cms/524_LARGE_IMAGE_01_13170_-879790025.jpg,Personalized label application,image/jpeg,2000,528,9de0bca110b025ea181596c48bdaa49e7f89d99c242aafdbf1a660d44ac99198,packaging-and-service-ceremony,personalized-label-process,"official product, personalization, or discovery page",current,2026-08-24,United States,Le Labo official Personalization page / official CDN,Le Labo official Personalization page / official CDN,Research reference only; copyrighted by Le Labo or its licensors; no redistribution license inferred.,EV-PP-04,included,personalized-label-process,"Hands, technicians, workers, or incidental people only when visible; otherwise none.","official product, personalization, or discovery page",Direct source frame; observable arrangement recorded in analysis notes.,Source frame; lens and camera metadata unavailable.,Observable source lighting; capture metadata unavailable.,Observed source color only; not promoted to an identity palette.,"Visible product, package, ingredient, tool, print, or spatial surfaces recorded in notes.",Unknown; no unsupported retouching claim.,Poster or sequence role follows source; a still does not prove full motion grammar.,Evidence for personalized-label-process; factual and atmospheric roles remain separated.,"Visible form, label, package, service state, material, or spatial signal only.","Two hands align a freshly printed SANTAL 33 label in front of the bottle. Dark workbench, machine/tool at left and open presentation box at right frame personalization as physical labor. Wide cinematic crop makes hands, label and bottle the operating sequence rather than a conventional beauty still life.",product-interface-service,12,additional-channel
EV-017,evidence/visual-expansion/product-packaging/EV-PP-05-discovery-open-box.jpg,https://lelabo.ips.photos/lelabo-java/images/skus/J40X01R000__PRODUCT_01--IMG_1200--DISCOVERYSET--1016611150.jpg,Classic Collection discovery set open box,image/jpeg,1200,1200,7ab5a833a080b7ba1d0357cf82ef754bb57762419388df761e6f1e31a88a6b6c,packaging-and-unboxing,discovery-unboxing-and-internal-organization,"official product, personalization, or discovery page",current,2026-08-24,United States,Le Labo official product catalog / official CDN,Le Labo official product catalog / official CDN,Research reference only; copyrighted by Le Labo or its licensors; no redistribution license inferred.,EV-PP-05,included,discovery-unboxing-and-internal-organization,"Hands, technicians, workers, or incidental people only when visible; otherwise none.","official product, personalization, or discovery page",Direct source frame; observable arrangement recorded in analysis notes.,Source frame; lens and camera metadata unavailable.,Observable source lighting; capture metadata unavailable.,Observed source color only; not promoted to an identity palette.,"Visible product, package, ingredient, tool, print, or spatial surfaces recorded in notes.",Unknown; no unsupported retouching claim.,Poster or sequence role follows source; a still does not prove full motion grammar.,Evidence for discovery-unboxing-and-internal-organization; factual and atmospheric roles remain separated.,"Visible form, label, package, service state, material, or spatial signal only.","Open kraft hinged carton reveals 17 narrow vials arranged in two rows. Black die-cut foam sharply contrasts the clear vials, pale liquids and black caps. Three-quarter view exposes shell, lid, insert depth and vial organization in one factual frame.",product-native-visual-language,13,product
EV-018,evidence/visual-expansion/product-packaging/EV-PP-06-santal26-candle-neutral.jpg,https://lelabo.ips.photos/lelabo-java/images/skus/CNDCS26100__PRODUCT_01--IMG_1200--SANTAL26--886638108.jpg,SANTAL 26 classic candle neutral PDP,image/jpeg,1200,1200,01b69a347ab90b3d84283c80fdecfcfe530051c17d51b4fd6342149eb91dcf98,product-native-form,home-format-neutral-pdp,"official product, personalization, or discovery page",current,2026-08-24,United States,Le Labo official product catalog / official CDN,Le Labo official product catalog / official CDN,Research reference only; copyrighted by Le Labo or its licensors; no redistribution license inferred.,EV-PP-06,included,home-format-neutral-pdp,"Hands, technicians, workers, or incidental people only when visible; otherwise none.","official product, personalization, or discovery page",Direct source frame; observable arrangement recorded in analysis notes.,Source frame; lens and camera metadata unavailable.,Observable source lighting; capture metadata unavailable.,Observed source color only; not promoted to an identity palette.,"Visible product, package, ingredient, tool, print, or spatial surfaces recorded in notes.",Unknown; no unsupported retouching claim.,Poster or sequence role follows source; a still does not prove full motion grammar.,Evidence for home-format-neutral-pdp; factual and atmospheric roles remain separated.,"Visible form, label, package, service state, material, or spatial signal only.","Clear heavy-bottomed glass tumbler contains off-white wax and one natural-colored wick. The same ruled personalized label scales to the wider vessel and names weight, product form, city, date and recipient. Soft grey field and low side shadow match fragrance PDP representation.",product-native-visual-language,14,product
EV-019,evidence/visual-expansion/product-packaging/EV-PP-07-santal26-candle-detail.jpg,https://lelabo.ips.photos/lelabo-java/images/skus/CNDCS26100__PRODUCT_07--IMG_1200--SANTAL26-1621790330.jpg,SANTAL 26 candle label detail,image/jpeg,1200,1200,c8151d2a715cb7df4e630e59427c1d78ecc3d0bb043a088a216c0b633aa9b91f,product-detail-and-service-ceremony,label-material-and-application-detail,"official product, personalization, or discovery page",current,2026-08-24,United States,Le Labo official product catalog / official CDN,Le Labo official product catalog / official CDN,Research reference only; copyrighted by Le Labo or its licensors; no redistribution license inferred.,EV-PP-07,included,label-material-and-application-detail,"Hands, technicians, workers, or incidental people only when visible; otherwise none.","official product, personalization, or discovery page",Direct source frame; observable arrangement recorded in analysis notes.,Source frame; lens and camera metadata unavailable.,Observable source lighting; capture metadata unavailable.,Observed source color only; not promoted to an identity palette.,"Visible product, package, ingredient, tool, print, or spatial surfaces recorded in notes.",Unknown; no unsupported retouching claim.,Poster or sequence role follows source; a still does not prove full motion grammar.,Evidence for label-material-and-application-detail; factual and atmospheric roles remain separated.,"Visible form, label, package, service state, material, or spatial signal only.","Hands hold the un-applied paper label edge-to-edge against the candle vessel. Close crop makes paper grain, black rules, weight, bilingual product form, city/date fields and hand-crafted line readable. The image explicitly distinguishes the removable printed label from the glass and wax substrate.",product-interface-service,15,additional-channel
EV-020,evidence/visual-expansion/product-packaging/EV-PP-08-hinoki-shower-gel.jpg,https://lelabo.ips.photos/lelabo-java/images/skus/P016250100__PRODUCT_01--IMG_1200--SHOWERGEL--1883409868.jpg,Hinoki shower gel 250 ml,image/jpeg,1200,1200,ef66d123fc873fa75ce15c9c1c00ee7af89a9697dea97ac6d3a5fd053c19abc5,product-native-form,body-format-bottle,"official product, personalization, or discovery page",current,2026-08-24,United States,Le Labo official product catalog / official CDN,Le Labo official product catalog / official CDN,Research reference only; copyrighted by Le Labo or its licensors; no redistribution license inferred.,EV-PP-08,included,body-format-bottle,"Hands, technicians, workers, or incidental people only when visible; otherwise none.","official product, personalization, or discovery page",Direct source frame; observable arrangement recorded in analysis notes.,Source frame; lens and camera metadata unavailable.,Observable source lighting; capture metadata unavailable.,Observed source color only; not promoted to an identity palette.,"Visible product, package, ingredient, tool, print, or spatial surfaces recorded in notes.",Unknown; no unsupported retouching claim.,Poster or sequence role follows source; a still does not prove full motion grammar.,Evidence for body-format-bottle; factual and atmospheric roles remain separated.,"Visible form, label, package, service state, material, or spatial signal only.","Amber-brown product is visible through a translucent rounded-rectangle squeeze bottle. Clear dispensing cap and direct black grid typography replace the fragrance bottle's paper wrap label. Label hierarchy foregrounds function first, then volume, scent, freshness period and formula copy.",product-native-visual-language,16,product
EV-021,evidence/visual-expansion/product-packaging/EV-PP-09-hinoki-hand-pomade.jpg,https://lelabo.ips.photos/lelabo-java/images/skus/P015075100__PRODUCT_01--IMG_1200--HANDPOMADE-1457772461.jpg,Hinoki hand pomade 55 ml,image/jpeg,1200,1200,86657554d6ad107f1f94f61a29acb7679d9d6e21ae939de685f2c20fc3561ad3,product-native-form,body-format-tube,"official product, personalization, or discovery page",current,2026-08-24,United States,Le Labo official product catalog / official CDN,Le Labo official product catalog / official CDN,Research reference only; copyrighted by Le Labo or its licensors; no redistribution license inferred.,EV-PP-09,included,body-format-tube,"Hands, technicians, workers, or incidental people only when visible; otherwise none.","official product, personalization, or discovery page",Direct source frame; observable arrangement recorded in analysis notes.,Source frame; lens and camera metadata unavailable.,Observable source lighting; capture metadata unavailable.,Observed source color only; not promoted to an identity palette.,"Visible product, package, ingredient, tool, print, or spatial surfaces recorded in notes.",Unknown; no unsupported retouching claim.,Poster or sequence role follows source; a still does not prove full motion grammar.,Evidence for body-format-tube; factual and atmospheric roles remain separated.,"Visible form, label, package, service state, material, or spatial signal only.","Warm off-white collapsible squeeze tube stands on a small faceted cap. Dense black bilingual function, volume, scent, freshness and formula text is printed directly in a ruled vertical grid. The task-native tube changes silhouette and reading direction while preserving monochrome administrative typography.",product-native-visual-language,17,product
EV-022,evidence/visual-expansion/space-service/SS-01-parent-brand-hero.jpg,https://media.elcompanies.com/images/e/estee-lauder-companies/global/our-brands/le-labo/hero-image-lelabo.jpg,Le Labo laboratory-store interior,image/jpeg,2000,1313,0ea1323ee36e62207175c5660d3735b89f7cc34abedb4dc592af84cab3be7d02,space-and-service,laboratory-store system overview,"official brand, About, or refill service page",current,2026-08-24,Global or United States as stated by source,The Estée Lauder Companies / Le Labo,The Estée Lauder Companies / Le Labo,Official parent-company asset; research use only; copyrighted.,SS-01,included,laboratory-store system overview,"Hands, technicians, workers, or incidental people only when visible; otherwise none.","official brand, About, or refill service page",Direct source frame; observable arrangement recorded in analysis notes.,Source frame; lens and camera metadata unavailable.,Observable source lighting; capture metadata unavailable.,Observed source color only; not promoted to an identity palette.,"Visible product, package, ingredient, tool, print, or spatial surfaces recorded in notes.",Unknown; no unsupported retouching claim.,Poster or sequence role follows source; a still does not prove full motion grammar.,Evidence for laboratory-store system overview; factual and atmospheric roles remain separated.,"Visible form, label, package, service state, material, or spatial signal only.","Wide interior establishes the boutique as a working laboratory rather than a polished salon. Black steel glazing reveals a back-room work zone while retaining physical separation. Weathered plaster, white tile, dark timber, worn leather and industrial lamps make age and use visible. Repeated labeled bottles and kraft drawers turn stock organization into a graphic wall system. Small LE LABO wall signage is subordinate to the environment and apparatus.",product-interface-service,18,additional-channel
EV-023,evidence/visual-expansion/space-service/SS-02-about-lab-banner.jpg,https://lelabo.ips.photos/lelabo-java/images/cms/7_ONE_SIZE_IMAGE_01_7809_344429774.jpg,About-page lab workwall banner,image/jpeg,2800,740,f5d0168d56ca36f40d9140175c63cfd4a4dd12f12ef6906c29f3d9d5d80e0e5f,space-and-service,material environment and working inventory,"official brand, About, or refill service page",current,2026-08-24,Global or United States as stated by source,Le Labo official website,Le Labo official website,Official first-party CDN asset; research use only; copyrighted.,SS-02,included,material environment and working inventory,"Hands, technicians, workers, or incidental people only when visible; otherwise none.","official brand, About, or refill service page",Direct source frame; observable arrangement recorded in analysis notes.,Source frame; lens and camera metadata unavailable.,Observable source lighting; capture metadata unavailable.,Observed source color only; not promoted to an identity palette.,"Visible product, package, ingredient, tool, print, or spatial surfaces recorded in notes.",Unknown; no unsupported retouching claim.,Poster or sequence role follows source; a still does not prove full motion grammar.,Evidence for material environment and working inventory; factual and atmospheric roles remain separated.,"Visible form, label, package, service state, material, or spatial signal only.","Panoramic composition reads as a catalog of work materials: bundled kraft sleeves, dark bottles, boxes, a candle and tools. A magnifying task lamp and manual press-like device signal inspection and hand operations. Rough exposed tile and patched wall surfaces resist pristine luxury finishing. LE LABO INC. stamps appear on utilitarian pouches and boxes rather than as ornamental signage. Muted gray, kraft brown, black and warm task light form the environmental palette.",product-interface-service,19,additional-channel
EV-024,evidence/visual-expansion/space-service/SS-03-refill-navigation.jpg,https://lelabo.ips.photos/lelabo-java/images/content/1635_ONE_SIZE_IMAGE_01_15414_-14777587.jpg,Fresh formulation / refill pour,image/jpeg,1500,1500,a8e93fb6c03853a0e33880f2c1fd009a7071f63df7518461aaca4a3d498a4a96,space-and-service,"technician action, fresh formulation and personalized object","official brand, About, or refill service page",current,2026-08-24,Global or United States as stated by source,Le Labo official website,Le Labo official website,Official first-party CDN asset; research use only; copyrighted.,SS-03,included,"technician action, fresh formulation and personalized object","Hands, technicians, workers, or incidental people only when visible; otherwise none.","official brand, About, or refill service page",Direct source frame; observable arrangement recorded in analysis notes.,Source frame; lens and camera metadata unavailable.,Observable source lighting; capture metadata unavailable.,Observed source color only; not promoted to an identity palette.,"Visible product, package, ingredient, tool, print, or spatial surfaces recorded in notes.",Unknown; no unsupported retouching claim.,Poster or sequence role follows source; a still does not prove full motion grammar.,"Evidence for technician action, fresh formulation and personalized object; factual and atmospheric roles remain separated.","Visible form, label, package, service state, material, or spatial signal only.","Tight crop centers two hands pouring clear liquid from a beaker into an AMBRETTE 9 bottle beside a digital scale. The visible paper label carries scent, formula-style information, formulation date and personalization fields. Hands, vessel and scale make precision service legible without showing a posed employee portrait. Window mesh, worn equipment and low natural light keep the action embedded in a working lab. The image connects refill/formulation, measurement and personalization in one service moment.",product-interface-service,20,additional-channel
EV-025,evidence/visual-expansion/space-service/SS-04-refill-step-1.png,https://s3.amazonaws.com/lelabo-java/images/cms/539_IMG_360_IMAGE_01_15433_-1664222520.png,Online refill return — cap bottle,image/png,341,341,0739623178b1ba395a8714541b56f4cf6ffbe21f858bbc5e1fa265d86f9ed25b,service-behavior,refill ceremony opening action,"official brand, About, or refill service page",current,2026-08-24,Global or United States as stated by source,Le Labo official FAQ,Le Labo official FAQ,Official first-party service illustration; research use only; copyrighted.,SS-04,included,refill ceremony opening action,"Hands, technicians, workers, or incidental people only when visible; otherwise none.","official brand, About, or refill service page",Direct source frame; observable arrangement recorded in analysis notes.,Source frame; lens and camera metadata unavailable.,Observable source lighting; capture metadata unavailable.,Observed source color only; not promoted to an identity palette.,"Visible product, package, ingredient, tool, print, or spatial surfaces recorded in notes.",Unknown; no unsupported retouching claim.,Poster or sequence role follows source; a still does not prove full motion grammar.,Evidence for refill ceremony opening action; factual and atmospheric roles remain separated.,"Visible form, label, package, service state, material, or spatial signal only.",Sparse monoline drawing isolates hands securing the bottle cap. The customer is depicted as an active participant preparing the existing object for return. Black line on transparency echoes instructional and workshop notation rather than lifestyle illustration.,product-interface-service,21,additional-channel
EV-026,evidence/visual-expansion/space-service/SS-05-refill-step-3.png,https://s3.amazonaws.com/lelabo-java/images/cms/539_IMG_360_IMAGE_03_15435_-1923547518.png,Online refill return — place bottle in platform,image/png,325,325,82e454d760a13523cbcec2e1f2432024478c54a85dc24bd6a75e8fa14902cd33,service-behavior,object retention and protective packing,"official brand, About, or refill service page",current,2026-08-24,Global or United States as stated by source,Le Labo official FAQ,Le Labo official FAQ,Official first-party service illustration; research use only; copyrighted.,SS-05,included,object retention and protective packing,"Hands, technicians, workers, or incidental people only when visible; otherwise none.","official brand, About, or refill service page",Direct source frame; observable arrangement recorded in analysis notes.,Source frame; lens and camera metadata unavailable.,Observable source lighting; capture metadata unavailable.,Observed source color only; not promoted to an identity palette.,"Visible product, package, ingredient, tool, print, or spatial surfaces recorded in notes.",Unknown; no unsupported retouching claim.,Poster or sequence role follows source; a still does not prove full motion grammar.,Evidence for object retention and protective packing; factual and atmospheric roles remain separated.,"Visible form, label, package, service state, material, or spatial signal only.",Bottle silhouette is centered inside a hatched cardboard platform while hands guide it into place. The existing bottle remains the hero object; the package is designed around its safe return. Hatching communicates humble paperboard material without color or decorative styling.,product-interface-service,22,additional-channel
EV-027,evidence/visual-expansion/space-service/SS-06-refill-step-5.png,https://s3.amazonaws.com/lelabo-java/images/cms/539_IMG_360_IMAGE_05_15437_-164326601.png,Online refill return — review invoice,image/png,432,388,a17ec6d76a3fcdf1a48f353265c42f4fadeee547b7f7675d8708173caa617b92,service-behavior,documentation and identity checkpoint,"official brand, About, or refill service page",current,2026-08-24,Global or United States as stated by source,Le Labo official FAQ,Le Labo official FAQ,Official first-party service illustration; research use only; copyrighted.,SS-06,included,documentation and identity checkpoint,"Hands, technicians, workers, or incidental people only when visible; otherwise none.","official brand, About, or refill service page",Direct source frame; observable arrangement recorded in analysis notes.,Source frame; lens and camera metadata unavailable.,Observable source lighting; capture metadata unavailable.,Observed source color only; not promoted to an identity palette.,"Visible product, package, ingredient, tool, print, or spatial surfaces recorded in notes.",Unknown; no unsupported retouching claim.,Poster or sequence role follows source; a still does not prove full motion grammar.,Evidence for documentation and identity checkpoint; factual and atmospheric roles remain separated.,"Visible form, label, package, service state, material, or spatial signal only.","Two hands hold an invoice marked with the Le Labo wordmark. Paperwork is treated as a visible step in the ceremony, reinforcing record-keeping and traceability. The restrained line drawing places brand authorship on a functional document.",product-interface-service,23,additional-channel
EV-028,evidence/visual-expansion/space-service/SS-07-refill-step-6.png,https://s3.amazonaws.com/lelabo-java/images/cms/539_IMG_360_IMAGE_06_15438_-665847798.png,Online refill return — place invoice in platform,image/png,394,386,674ccdaa99c685d0e66703af37bfa93a2f5f75e21aba1f0dd7980d5cd3d0235f,service-behavior,documentation joined to physical object,"official brand, About, or refill service page",current,2026-08-24,Global or United States as stated by source,Le Labo official FAQ,Le Labo official FAQ,Official first-party service illustration; research use only; copyrighted.,SS-07,included,documentation joined to physical object,"Hands, technicians, workers, or incidental people only when visible; otherwise none.","official brand, About, or refill service page",Direct source frame; observable arrangement recorded in analysis notes.,Source frame; lens and camera metadata unavailable.,Observable source lighting; capture metadata unavailable.,Observed source color only; not promoted to an identity palette.,"Visible product, package, ingredient, tool, print, or spatial surfaces recorded in notes.",Unknown; no unsupported retouching claim.,Poster or sequence role follows source; a still does not prove full motion grammar.,Evidence for documentation joined to physical object; factual and atmospheric roles remain separated.,"Visible form, label, package, service state, material, or spatial signal only.",A directional arrow shows the branded invoice entering the same protective platform as the bottle. The service system binds identity data and physical vessel before shipment. Hand-drawn instructional style makes an operational action feel deliberately human.,product-interface-service,24,additional-channel
EV-029,evidence/visual-expansion/space-service/SS-08-refill-step-7.png,https://s3.amazonaws.com/lelabo-java/images/cms/539_IMG_360_IMAGE_07_15439_1777631720.png,Online refill return — carrier handoff,image/png,364,330,c6eea11bfb907ae1d7bae5dbc6eee8736a0378695748f660305fc71df77ec3fc,service-behavior,service handoff and circulation,"official brand, About, or refill service page",current,2026-08-24,Global or United States as stated by source,Le Labo official FAQ,Le Labo official FAQ,Official first-party service illustration; research use only; copyrighted.,SS-08,included,service handoff and circulation,"Hands, technicians, workers, or incidental people only when visible; otherwise none.","official brand, About, or refill service page",Direct source frame; observable arrangement recorded in analysis notes.,Source frame; lens and camera metadata unavailable.,Observable source lighting; capture metadata unavailable.,Observed source color only; not promoted to an identity palette.,"Visible product, package, ingredient, tool, print, or spatial surfaces recorded in notes.",Unknown; no unsupported retouching claim.,Poster or sequence role follows source; a still does not prove full motion grammar.,Evidence for service handoff and circulation; factual and atmospheric roles remain separated.,"Visible form, label, package, service state, material, or spatial signal only.","A hand places the hatched return parcel at a carrier counter. The final selected frame makes product circulation, rather than disposal, the closure of the customer-side ritual. Generic carrier architecture keeps attention on the reusable vessel's journey.",product-interface-service,25,additional-channel
EV-030,evidence/visual-expansion/editorial-craft/VE-EC-001-films-hero-poster.jpg,https://lelabo.ips.photos/lelabo-java/images/content/1468_LARGE_IMAGE_01_14557_434606852.jpg,Films hero motion poster: Williamsburg Bridge and New York skyline,image/jpeg,1920,1080,ffc316b8c49d85dbbc4abd3866c8310ddc9c537f2dfa15a5d3b6cab4b20fcf61,key-visual-and-motion,films-landing-motion-poster,"official Films, Souls & Labs, Craftspeople, or Le Journal page",current,2026-08-24,Global; city scope follows source title,Le Labo / official Films page,Le Labo / official Films page,First-party copyrighted still; research evidence only.,VE-EC-001,included,films-landing-motion-poster,"Hands, technicians, workers, or incidental people only when visible; otherwise none.","official Films, Souls & Labs, Craftspeople, or Le Journal page",Direct source frame; observable arrangement recorded in analysis notes.,Source frame; lens and camera metadata unavailable.,Observable source lighting; capture metadata unavailable.,Observed source color only; not promoted to an identity palette.,"Visible product, package, ingredient, tool, print, or spatial surfaces recorded in notes.",Unknown; no unsupported retouching claim.,Poster or sequence role follows source; a still does not prove full motion grammar.,Evidence for films-landing-motion-poster; factual and atmospheric roles remain separated.,"Visible form, label, package, service state, material, or spatial signal only.","Cool, grainy city establishing frame uses partial foliage occlusion and low-contrast dusk light instead of polished skyline spectacle.",key-visual,26,content
EV-031,evidence/visual-expansion/editorial-craft/VE-EC-002-shanghai-souls-labs.jpg,https://lelabo.ips.photos/lelabo-java/images/content/1294_SMALL_IMAGE_01_14148_1462631425.jpg,Souls & Labs: Shanghai storefront motion poster,image/jpeg,1080,1440,a4b840ea7478e322a0d9277176a31cfa779eb6b82fcf635703fa81bb710c8a00,space-service-and-film,city-lab-exterior-poster,"official Films, Souls & Labs, Craftspeople, or Le Journal page",current,2026-08-24,Global; city scope follows source title,Le Labo / official Films page,Le Labo / official Films page,First-party copyrighted still; research evidence only.,VE-EC-002,included,city-lab-exterior-poster,"Hands, technicians, workers, or incidental people only when visible; otherwise none.","official Films, Souls & Labs, Craftspeople, or Le Journal page",Direct source frame; observable arrangement recorded in analysis notes.,Source frame; lens and camera metadata unavailable.,Observable source lighting; capture metadata unavailable.,Observed source color only; not promoted to an identity palette.,"Visible product, package, ingredient, tool, print, or spatial surfaces recorded in notes.",Unknown; no unsupported retouching claim.,Poster or sequence role follows source; a still does not prove full motion grammar.,Evidence for city-lab-exterior-poster; factual and atmospheric roles remain separated.,"Visible form, label, package, service state, material, or spatial signal only.",Tree trunks interrupt a dim brick facade; signage is small and embedded in the architecture.,product-interface-service,27,additional-channel
EV-032,evidence/visual-expansion/editorial-craft/VE-EC-003-chicago-souls-labs.jpg,https://lelabo.ips.photos/lelabo-java/images/content/1298_SMALL_IMAGE_01_13195_2141607551.jpg,Souls & Labs: Chicago storefront motion poster,image/jpeg,1080,1440,1a16f3829e4c9e932be790966edd63641fb4915ad90d2dfb37b0b2c34289348d,space-service-and-film,city-lab-signage-poster,"official Films, Souls & Labs, Craftspeople, or Le Journal page",current,2026-08-24,Global; city scope follows source title,Le Labo / official Films page,Le Labo / official Films page,First-party copyrighted still; research evidence only.,VE-EC-003,included,city-lab-signage-poster,"Hands, technicians, workers, or incidental people only when visible; otherwise none.","official Films, Souls & Labs, Craftspeople, or Le Journal page",Direct source frame; observable arrangement recorded in analysis notes.,Source frame; lens and camera metadata unavailable.,Observable source lighting; capture metadata unavailable.,Observed source color only; not promoted to an identity palette.,"Visible product, package, ingredient, tool, print, or spatial surfaces recorded in notes.",Unknown; no unsupported retouching claim.,Poster or sequence role follows source; a still does not prove full motion grammar.,Evidence for city-lab-signage-poster; factual and atmospheric roles remain separated.,"Visible form, label, package, service state, material, or spatial signal only.","A close, off-center street view emphasizes layered window lettering, masonry, reflection, and worn sidewalk.",product-interface-service,28,additional-channel
EV-033,evidence/visual-expansion/editorial-craft/VE-EC-004-mexico-city-souls-labs.jpg,https://lelabo.ips.photos/lelabo-java/images/content/1303_SMALL_IMAGE_01_13198_-2111879964.jpg,Souls & Labs: Mexico City storefront motion poster,image/jpeg,1080,1440,7c448b9af9321836e591217613a9567b1815715ad22732bdba7d6cb0e3dfa1fb,space-service-and-film,city-lab-exterior-poster,"official Films, Souls & Labs, Craftspeople, or Le Journal page",current,2026-08-24,Global; city scope follows source title,Le Labo / official Films page,Le Labo / official Films page,First-party copyrighted still; research evidence only.,VE-EC-004,included,city-lab-exterior-poster,"Hands, technicians, workers, or incidental people only when visible; otherwise none.","official Films, Souls & Labs, Craftspeople, or Le Journal page",Direct source frame; observable arrangement recorded in analysis notes.,Source frame; lens and camera metadata unavailable.,Observable source lighting; capture metadata unavailable.,Observed source color only; not promoted to an identity palette.,"Visible product, package, ingredient, tool, print, or spatial surfaces recorded in notes.",Unknown; no unsupported retouching claim.,Poster or sequence role follows source; a still does not prove full motion grammar.,Evidence for city-lab-exterior-poster; factual and atmospheric roles remain separated.,"Visible form, label, package, service state, material, or spatial signal only.","Reflective glazing, raw concrete, dark timber and vegetation keep the lab tied to its street context.",product-interface-service,29,additional-channel
EV-034,evidence/visual-expansion/editorial-craft/VE-EC-005-tokyo-souls-labs.jpg,https://lelabo.ips.photos/lelabo-java/images/content/1307_SMALL_IMAGE_01_13201_703111243.jpg,Souls & Labs: Tokyo technician at storefront,image/jpeg,1080,1440,bb8f48fbe37a29d68d5268c6266c86303cacd66ca7c614535cb0a4e17866465c,people-space-and-film,lab-technician-environmental-portrait,"official Films, Souls & Labs, Craftspeople, or Le Journal page",current,2026-08-24,Global; city scope follows source title,Le Labo / official Films page,Le Labo / official Films page,First-party copyrighted still; research evidence only.,VE-EC-005,included,lab-technician-environmental-portrait,"Hands, technicians, workers, or incidental people only when visible; otherwise none.","official Films, Souls & Labs, Craftspeople, or Le Journal page",Direct source frame; observable arrangement recorded in analysis notes.,Source frame; lens and camera metadata unavailable.,Observable source lighting; capture metadata unavailable.,Observed source color only; not promoted to an identity palette.,"Visible product, package, ingredient, tool, print, or spatial surfaces recorded in notes.",Unknown; no unsupported retouching claim.,Poster or sequence role follows source; a still does not prove full motion grammar.,Evidence for lab-technician-environmental-portrait; factual and atmospheric roles remain separated.,"Visible form, label, package, service state, material, or spatial signal only.","A technician is small within a wide glass-and-concrete storefront, joining human service to local architecture rather than isolating a portrait.",product-interface-service,30,additional-channel
EV-035,evidence/visual-expansion/editorial-craft/VE-EC-007-new-york-souls-labs.jpg,https://lelabo.ips.photos/lelabo-java/images/content/1319_SMALL_IMAGE_01_13210_-369975810.jpg,Souls & Labs: New York storefront motion poster,image/jpeg,1080,1440,0248812491d707ac4613911190d43914daefd6dae6f5c4e804da1df6908593f8,brand-mood-and-space,origin-city-street-poster,"official Films, Souls & Labs, Craftspeople, or Le Journal page",current,2026-08-24,Global; city scope follows source title,Le Labo / official Films page,Le Labo / official Films page,First-party copyrighted still; research evidence only.,VE-EC-007,included,origin-city-street-poster,"Hands, technicians, workers, or incidental people only when visible; otherwise none.","official Films, Souls & Labs, Craftspeople, or Le Journal page",Direct source frame; observable arrangement recorded in analysis notes.,Source frame; lens and camera metadata unavailable.,Observable source lighting; capture metadata unavailable.,Observed source color only; not promoted to an identity palette.,"Visible product, package, ingredient, tool, print, or spatial surfaces recorded in notes.",Unknown; no unsupported retouching claim.,Poster or sequence role follows source; a still does not prove full motion grammar.,Evidence for origin-city-street-poster; factual and atmospheric roles remain separated.,"Visible form, label, package, service state, material, or spatial signal only.","Muted, vignetted street imagery treats a worn narrow storefront as urban continuity rather than a pristine retail facade.",product-interface-service,31,additional-channel
EV-036,evidence/visual-expansion/editorial-craft/VE-EC-008-bergamot-harvest.jpg,https://lelabo.ips.photos/lelabo-java/images/content/1321_SMALL_IMAGE_01_14157_153555055.jpg,"Bergamot Harvest motion poster, Reggio Calabria",image/jpeg,1080,1440,0f3a98ad05f44f81453f0baa178116dca44fc99c65bf9cfb36897f7d16a36972,harvest-and-material-world,ingredient-close-up-motion-poster,"official Films, Souls & Labs, Craftspeople, or Le Journal page",current,2026-08-24,Global; city scope follows source title,Le Labo / official Films page,Le Labo / official Films page,First-party copyrighted still; research evidence only.,VE-EC-008,included,ingredient-close-up-motion-poster,"Hands, technicians, workers, or incidental people only when visible; otherwise none.","official Films, Souls & Labs, Craftspeople, or Le Journal page",Direct source frame; observable arrangement recorded in analysis notes.,Source frame; lens and camera metadata unavailable.,Observable source lighting; capture metadata unavailable.,Observed source color only; not promoted to an identity palette.,"Visible product, package, ingredient, tool, print, or spatial surfaces recorded in notes.",Unknown; no unsupported retouching claim.,Poster or sequence role follows source; a still does not prove full motion grammar.,Evidence for ingredient-close-up-motion-poster; factual and atmospheric roles remain separated.,"Visible form, label, package, service state, material, or spatial signal only.","Tight fruit-and-leaf framing uses deep green shadows, direct sun and shallow depth to make raw material tactile.",photography-film,32,imagery
EV-037,evidence/visual-expansion/editorial-craft/VE-EC-009-denim-tote-craft.jpg,https://lelabo.ips.photos/lelabo-java/images/content/1329_SMALL_IMAGE_01_14153_-1606152754.jpg,"Denim Tote craft motion poster, Okayama",image/jpeg,1080,1440,8296a384d9f674128b88f89b4ccd635b71dd6e55814674d4688e5ec6c9ec155e,craft-and-material-world,material-and-print-detail,"official Films, Souls & Labs, Craftspeople, or Le Journal page",current,2026-08-24,Global; city scope follows source title,Le Labo / official Films page,Le Labo / official Films page,First-party copyrighted still; research evidence only.,VE-EC-009,included,material-and-print-detail,"Hands, technicians, workers, or incidental people only when visible; otherwise none.","official Films, Souls & Labs, Craftspeople, or Le Journal page",Direct source frame; observable arrangement recorded in analysis notes.,Source frame; lens and camera metadata unavailable.,Observable source lighting; capture metadata unavailable.,Observed source color only; not promoted to an identity palette.,"Visible product, package, ingredient, tool, print, or spatial surfaces recorded in notes.",Unknown; no unsupported retouching claim.,Poster or sequence role follows source; a still does not prove full motion grammar.,Evidence for material-and-print-detail; factual and atmospheric roles remain separated.,"Visible form, label, package, service state, material, or spatial signal only.",Extreme shallow-focus crop lets woven denim texture and imperfect tan printing dominate over the finished object.,photography-film,33,imagery
EV-038,evidence/visual-expansion/editorial-craft/VE-EC-010-concrete-candle-craft.jpg,https://lelabo.ips.photos/lelabo-java/images/content/1331_SMALL_IMAGE_01_13224_-353273146.jpg,"Concrete Candle craft motion poster, Charleston",image/jpeg,1080,1440,e2e41b7e27c0c73899ba5315959a30b11a580898e29e9964006e2b800a62f6a2,craft-and-material-world,handmade-surface-and-label-detail,"official Films, Souls & Labs, Craftspeople, or Le Journal page",current,2026-08-24,Global; city scope follows source title,Le Labo / official Films page,Le Labo / official Films page,First-party copyrighted still; research evidence only.,VE-EC-010,included,handmade-surface-and-label-detail,"Hands, technicians, workers, or incidental people only when visible; otherwise none.","official Films, Souls & Labs, Craftspeople, or Le Journal page",Direct source frame; observable arrangement recorded in analysis notes.,Source frame; lens and camera metadata unavailable.,Observable source lighting; capture metadata unavailable.,Observed source color only; not promoted to an identity palette.,"Visible product, package, ingredient, tool, print, or spatial surfaces recorded in notes.",Unknown; no unsupported retouching claim.,Poster or sequence role follows source; a still does not prove full motion grammar.,Evidence for handmade-surface-and-label-detail; factual and atmospheric roles remain separated.,"Visible form, label, package, service state, material, or spatial signal only.","A hand grips a porous vessel; soft low light preserves speckling, mass, imperfect surface and applied utility type.",photography-film,34,imagery
EV-039,evidence/visual-expansion/editorial-craft/VE-EC-011-diffuser-craft.jpg,https://lelabo.ips.photos/lelabo-java/images/content/1333_SMALL_IMAGE_01_13226_2138668803.jpg,"Diffuser craft motion poster, Brooklyn",image/jpeg,1080,1440,0f3a95d448a002c34de295cdd7b6329ed5ca7d741d3d0129c75dda4a0442d664,craft-and-people,hands-tools-and-wood-assembly,"official Films, Souls & Labs, Craftspeople, or Le Journal page",current,2026-08-24,Global; city scope follows source title,Le Labo / official Films page,Le Labo / official Films page,First-party copyrighted still; research evidence only.,VE-EC-011,included,hands-tools-and-wood-assembly,"Hands, technicians, workers, or incidental people only when visible; otherwise none.","official Films, Souls & Labs, Craftspeople, or Le Journal page",Direct source frame; observable arrangement recorded in analysis notes.,Source frame; lens and camera metadata unavailable.,Observable source lighting; capture metadata unavailable.,Observed source color only; not promoted to an identity palette.,"Visible product, package, ingredient, tool, print, or spatial surfaces recorded in notes.",Unknown; no unsupported retouching claim.,Poster or sequence role follows source; a still does not prove full motion grammar.,Evidence for hands-tools-and-wood-assembly; factual and atmospheric roles remain separated.,"Visible form, label, package, service state, material, or spatial signal only.","Hands, hammer, metal punch, end-grain wood and a scarred bench build a close observational making scene.",photography-film,35,imagery
EV-040,evidence/visual-expansion/editorial-craft/VE-EC-014-le-journal-house-rules.png,https://overheard-le-journal.imgix.net/House-Rules-Apply-1.png,"Le Journal editorial engraving: house, bottle and travel case",image/png,1963,1490,a32fb3e0d907b21ccea5fa993060b2b27a46191e2959a6246e10aac2bd70e228,editorial-key-visual,black-and-white-engraving-collage,"official Films, Souls & Labs, Craftspeople, or Le Journal page",current,2026-08-24,Global; city scope follows source title,Overheard Le Labo / Le Journal Society,Overheard Le Labo / Le Journal Society,Official editorial copyrighted artwork; research evidence only.,VE-EC-014,included,black-and-white-engraving-collage,"Hands, technicians, workers, or incidental people only when visible; otherwise none.","official Films, Souls & Labs, Craftspeople, or Le Journal page",Direct source frame; observable arrangement recorded in analysis notes.,Source frame; lens and camera metadata unavailable.,Observable source lighting; capture metadata unavailable.,Observed source color only; not promoted to an identity palette.,"Visible product, package, ingredient, tool, print, or spatial surfaces recorded in notes.",Unknown; no unsupported retouching claim.,Poster or sequence role follows source; a still does not prove full motion grammar.,Evidence for black-and-white-engraving-collage; factual and atmospheric roles remain separated.,"Visible form, label, package, service state, material, or spatial signal only.","Dense monochrome hatch and stipple combine domestic architecture, fragrance bottle and travel ephemera as one newspaper-like cut-and-paste metaphor.",key-visual,36,content
EV-041,evidence/visual-expansion/editorial-craft/VE-EC-015-le-journal-wish-you-wore-here.png,https://overheard-le-journal.imgix.net/Wish-You-Wore-Here-1.png,Le Journal editorial engraving: bottle as doorway to the coast,image/png,2214,1954,280d52b2023c4174b1c0bde201e26f372a2f55e35196a1f6a8dc580173f7e1f3,editorial-key-visual,surreal-black-and-white-product-metaphor,"official Films, Souls & Labs, Craftspeople, or Le Journal page",current,2026-08-24,Global; city scope follows source title,Overheard Le Labo / Le Journal Society,Overheard Le Labo / Le Journal Society,Official editorial copyrighted artwork; research evidence only.,VE-EC-015,included,surreal-black-and-white-product-metaphor,"Hands, technicians, workers, or incidental people only when visible; otherwise none.","official Films, Souls & Labs, Craftspeople, or Le Journal page",Direct source frame; observable arrangement recorded in analysis notes.,Source frame; lens and camera metadata unavailable.,Observable source lighting; capture metadata unavailable.,Observed source color only; not promoted to an identity palette.,"Visible product, package, ingredient, tool, print, or spatial surfaces recorded in notes.",Unknown; no unsupported retouching claim.,Poster or sequence role follows source; a still does not prove full motion grammar.,Evidence for surreal-black-and-white-product-metaphor; factual and atmospheric roles remain separated.,"Visible form, label, package, service state, material, or spatial signal only.",A finely engraved bottle becomes an architectural portal; sparse white ground makes the surreal object read like a clipped broadsheet illustration.,key-visual,37,content
EV-042,evidence/user-provided-mood/EV-LL-MOOD-001-santal33-dark-flatlay.png,urn:user-supplied:kakaotalk:2026-08-31:le-labo-mood-01,User-curated Le Labo mood reference: SANTAL 33 dark material flat lay,image/png,2280,1000,765235de6284a89186f9eef7252c743d1b83dd9c8fc9ef0c75859206f3392092,brand-mood-and-world,user-curated-dark-material-flatlay,user-supplied local reference,source date unknown; supplied 2026-08-31,2026-08-31,Not verified,User-supplied; original creator unknown,User-supplied local file; original creator and publication unknown.,User-provided reference for internal brand analysis; original rights holder and source URL unverified.,EV-043|EV-044,included,Product bottle package botanicals raw materials and lab tools as a mood ensemble.,none,Studio flat lay on a black tactile plane.,Wide modular specimen layout with the bottle near center and materials grouped by type.,Overhead or near-overhead view; source camera metadata unavailable.,Low-key directional studio light with retained shadow and surface grain.,Black charcoal kraft brown wood green and localized violet.,Kraft paper glass wood botanical fragments resin metal and smoked glass.,Unknown; only visible image characteristics recorded.,Single still; no motion claim.,Mood reference only; does not replace PDP or factual product evidence.,Visible bottle box label cap and material props; image styling is not product-native proof.,"User-curated reference emphasizes dark laboratory tactility, specimen ordering, raw materials, and restrained color. Provenance is unverified, so it visualizes an accepted mood direction but does not establish official Le Labo history.",brand-mood,38,imagery
EV-043,evidence/user-provided-mood/EV-LL-MOOD-002-tubereuse40-light-flatlay.png,urn:user-supplied:kakaotalk:2026-08-31:le-labo-mood-02,User-curated Le Labo mood reference: TUBEREUSE 40 light material flat lay,image/png,2000,873,4a7a0d21e57e304a0d79a56b367e80781309bb698d860c42c467196fbbff3027,brand-mood-and-world,user-curated-light-material-flatlay,user-supplied local reference,source date unknown; supplied 2026-08-31,2026-08-31,Not verified,User-supplied; original creator unknown,User-supplied local file; original creator and publication unknown.,User-provided reference for internal brand analysis; original rights holder and source URL unverified.,EV-042|EV-044,included,Product bottle package petals citrus wood metal lichen tags and lab vessels as a mood ensemble.,none,Studio flat lay on a cool light-gray work surface.,Wide horizontal specimen layout with progressive petal scale and grouped material families.,Overhead or near-overhead view; source camera metadata unavailable.,Soft diffuse studio light with gentle object shadows.,Cool gray off-white kraft brown silver black and small citrus yellow accents.,Kraft paper glass raw wood petals citrus metal lichen and paper tags.,Unknown; only visible image characteristics recorded.,Single still; no motion claim.,Mood reference only; does not replace PDP or factual product evidence.,Visible bottle box label cap and material props; image styling is not product-native proof.,"User-curated reference emphasizes a brighter laboratory register, deliberate spacing, raw-to-refined material contrast, and quiet botanical color. Provenance is unverified, so it visualizes an accepted mood direction but does not establish official Le Labo history.",brand-mood,39,imagery
EV-044,evidence/user-provided-mood/EV-LL-MOOD-003-city-exclusives-grid.png,urn:user-supplied:kakaotalk:2026-08-31:le-labo-mood-03,User-curated Le Labo mood reference: city exclusives and ingredients grid,image/png,1400,800,f2a5bc347b58d672d7d7fd41cc52717acf8920de8ccf2104216a59cbc3417aec,brand-mood-and-world,user-curated-city-exclusives-grid,user-supplied local reference,source date unknown; supplied 2026-08-31,2026-08-31,Not verified,User-supplied; original creator unknown,User-supplied local file; original creator and publication unknown.,User-provided reference for internal brand analysis; original rights holder and source URL unverified.,EV-042|EV-043,included,Six fragrance bottle and kraft package pairs with ingredient and city cues.,none,Six clean studio tiles on a cool light-gray surface.,Two-by-three modular matrix repeating product pair above a single ingredient line and city tag.,Composite grid of mostly frontal or slightly elevated product views; source camera metadata unavailable.,Soft even studio light with controlled shadows.,Cool gray kraft white black pale fragrance liquid and restrained botanical accents.,Kraft paper glass printed labels citrus wood moss vanilla and tobacco fragments.,Unknown; visible as a compiled or composited six-panel image.,Six related still modules; no temporal motion claim.,Shows a product-family mood sequence but does not replace verified product lineup or city-exclusive documentation.,Repeated bottle label cap and kraft box suggest family invariants; unverified ingredient pairings and city labels are not product-native proof.,"User-curated reference emphasizes family repetition, controlled ingredient variation, and editorial sequencing across six city-labeled modules. Provenance is unverified, so it visualizes an accepted mood direction but does not establish official assortment facts.",brand-mood,40,imagery
